1,LKR0001
2,LKR0002
3,LKR0003
4,LKR0004
5,LKR0005
6,LKR0006
7,LKR0007
8,LKR0008
9,LKR0009
10,LKR0010
11,LKR0011
12,LKR0012
13,LKR0013
14,LKR0014
15,LKR0015
16,LKR0016
17,LKR0017
18,LKR0018
19,LKR0019
20,LKR0020
21,LKR0021
22,LKR0022
23,LKR0023
24,LKR0024
25,LKR0025
26,LKR0026
27,LKR0027
28,LKR0028
29,LKR0029
30,LKR0030
31,LKR0031
32,LKR0032
33,LKR0034
34,LKR0035
35,LKR0036
36,LKR0037
37,LKR0038
38,LKR0039
39,LKR0040
40,LKR0041
41,LKR0042
42,LKR0043
43,LKR0044
44,LKR0045
45,LKR0046
46,LKR0047
47,LKR0048
48,LKR0049
49,LKR0050
50,LKR0051
51,LKR0052
52,LKR0053
53,LKR0054
54,LKR0055
55,LKR0056
56,LKR0057
57,LKR0058
58,LKR0059
59,LKR0060
60,LKR0061
61,LKR0062
62,LKR0063
63,LKR0064
64,LKR0065
65,LKR0066
66,LKR0067
67,LKR0068
68,LKR0069
69,LKR0070
70,LKR0071
71,LKR0072
72,LKR0073
73,LKR0074
74,LKR0075
75,LKR0076
76,LKR0077
77,LKR0078
78,LKR0079
79,LKR0080
80,LKR0081
81,LKR0082
82,LKR0083
83,LKR0084
84,LKR0085
85,LKR0086
86,LKR0087
87,LKR0088
88,LKR0089
89,LKR0090
90,LKR0091
91,LKR0092
92,LKR0093
93,LKR0094
94,LKR0095
95,LKR0096
96,LKR0097
97,LKR0098
98,LKR0099
99,LKR0100
100,LKR0101
101,LKR0102
102,LKR0103
103,LKR0104
104,LKR0105
105,LKR0106
106,LKR0107
107,LKR0108
108,LKR0109
109,LKR0110
110,LKR0111
111,LKR0112
112,LKR0113
113,LKR0114
114,LKR0115
115,LKR0116
116,LKR0117
117,LKR0118
118,LKR0119
119,LKR0120
120,LKR0121
121,LKR0122
122,LKR0123
123,LKR0124
124,LKR0125
125,LKR0126
126,LKR0127
127,LKR0128
128,LKR0129
129,LKR0130
130,LKR0131
131,LKR0132
132,LKR0133
133,LKR0134
134,LKR0135
135,LKR0136
136,LKR0137
137,LKR0138
138,LKR0139
139,LKR0140
140,LKR0141
141,LKR0142
142,LKR0143
143,LKR0144
144,LKR0145
145,LKR0146
146,LKR0147
147,LKR0148
148,LKR0149
149,LKR0150
150,LKR0151
151,LKR0152
152,LKR0153
153,LKR0154
154,LKR0155
155,LKR0156
156,LKR0157
157,LKR0158
158,LKR0159
159,LKR0160
160,LKR0161
161,LKR0162
162,LKR0163
163,LKR0164
164,LKR0165
165,LKR0166
166,LKR0167
167,LKR0168
168,LKR0169
169,LKR0170
170,LKR0171
171,LKR0172
172,LKR0173
173,LKR0174
174,LKR0175
175,LKR0176
176,LKR0177
177,LKR0178
178,LKR0179
179,LKR0180
180,LKR0181
181,LKR0182
182,LKR0183
183,LKR0184
184,LKR0185
185,LKR0186
186,LKR0187
187,LKR0188
188,LKR0189
189,LKR0190
190,LKR0191
191,LKR0192
192,LKR0193
193,LKR0194
194,LKR0195
195,LKR0196
196,LKR0197
197,LKR0198
198,LKR0199
199,LKR0200
200,LKR0201
201,LKR0202
202,LKR0203
203,LKR0204
204,LKR0205
205,LKR0206
206,LKR0207
207,LKR0208
208,LKR0209
209,LKR0210
210,LKR0211
211,LKR0212
212,LKR0213
213,LKR0214
214,LKR0215
215,LKR0216
216,LKR0217
217,LKR0218
218,LKR0219
219,LKR0220
220,LKR0221
221,LKR0222
222,LKR0223
223,LKR0224
224,LKR0225
225,LKR0226
226,LKR0227
227,LKR0228
228,LKR0229
229,LKR0230
230,LKR0231
231,LKR0232
232,LKR0233
233,LKR0234
234,LKR0235
235,LKR0236
236,LKR0237
237,LKR0238
238,LKR0239
239,LKR0240
240,LKR0241
241,LKR0242
242,LKR0243
243,LKR0244
244,LKR0245
245,LKR0246
246,LKR0247
247,LKR0248
248,LKR0249
249,LKR0250
250,LKR0251
251,LKR0252
252,LKR0253
253,LKR0254
254,LKR0255
255,LKR0256
256,LKR0257
257,LKR0258
258,LKR0259
259,LKR0260
260,LKR0261
261,LKR0262
262,LKR0263
263,LKR0264
264,LKR0265
265,LKR0266
266,LKR0267
267,LKR0268
268,LKR0269
269,LKR0270
270,LKR0271
271,LKR0272
272,LKR0273
273,LKR0274
274,LKR0275
275,LKR0276
276,LKR0277
277,LKR0278
278,LKR0279
279,LKR0280
280,LKR0281
281,LKR0282
282,LKR0283
283,LKR0284
284,LKR0285
285,LKR0286
286,LKR0287
287,LKR0288
288,LKR0289
289,LKR0290
290,LKR0291
291,LKR0292
292,LKR0293
293,LKR0294
294,LKR0295
295,LKR0296
296,LKR0297
297,LKR0298
298,LKR0299
299,LKR0300
300,LKR0301
301,LKR0302
302,LKR0303
303,LKR0304
304,LKR0305
305,LKR0306
306,LKR0307
307,LKR0308
308,LKR0309
309,LKR0310
310,LKR0311
311,LKR0312
312,LKR0313
313,LKR0314
314,LKR0315
315,LKR0316
316,LKR0317
317,LKR0318
318,LKR0319
319,LKR0320
320,LKR0321
321,LKR0322
322,LKR0323
323,LKR0324
324,LKR0325
325,LKR0326
326,LKR0327
327,LKR0328
328,LKR0329
329,LKR0330
330,LKR0331
331,LKR0332
332,LKR0333
333,LKR0334
334,LKR0335
335,LKR0336
336,LKR0337
337,LKR0338
338,LKR0339
339,LKR0340
340,LKR0341
341,LKR0342
342,LKR0343
343,LKR0344
344,LKR0345
345,LKR0346
346,LKR0347
347,LKR0348
348,LKR0349
349,LKR0350
350,LKR0351
351,LKR0352
352,LKR0353
353,LKR0354
354,LKR0355
355,LKR0356
356,LKR0357
357,LKR0358
358,LKR0359
359,LKR0360
360,LKR0361
361,LKR0362
362,LKR0363
363,LKR0364
364,LKR0365
365,LKR0366
366,LKR0367
367,LKR0368
368,LKR0369
369,LKR0370
370,LKR0371
371,LKR0372
372,LKR0373
373,LKR0374
374,LKR0375
375,LKR0376
376,LKR0377
377,LKR0378
378,LKR0379
379,LKR0380
380,LKR0381
381,LKR0382
382,LKR0383
383,LKR0384
384,LKR0385
385,LKR0386
386,LKR0387
387,LKR0388
388,LKR0389
389,LKR0390
390,LKR0391
391,LKR0392
392,LKR0393
393,LKR0394
394,LKR0395
395,LKR0396
396,LKR0397
397,LKR0398
398,LKR0399
399,LKR0400
400,LKR0401
401,LKR0402
402,LKR0403
403,LKR0404
404,LKR0405
405,LKR0406
406,LKR0407
407,LKR0408
408,LKR0409
409,LKR0410
410,LKR0411
411,LKR0412
412,LKR0413
413,LKR0414
414,LKR0415
415,LKR0416
416,LKR0417
417,LKR0418
418,LKR0419
419,LKR0420
420,LKR0421
421,LKR0422
422,LKR0423
423,LKR0424
424,LKR0425
425,LKR0426
426,LKR0427
427,LKR0428
428,LKR0429
429,LKR0430
430,LKR0431
431,LKR0432
432,LKR0433
433,LKR0434
434,LKR0435
435,LKR0436
436,LKR0437
437,LKR0438
438,LKR0439
439,LKR0440
440,LKR0441
441,LKR0442
442,LKR0443
443,LKR0444
444,LKR0445
445,LKR0446
446,LKR0447
447,LKR0448
448,LKR0449
449,LKR0450
450,LKR0451
451,LKR0452
452,LKR0453
453,LKR0454
454,LKR0455
455,LKR0456
456,LKR0457
457,LKR0458
458,LKR0459
459,LKR0460
460,LKR0461
461,LKR0462
462,LKR0463
463,LKR0464
464,LKR0465
465,LKR0466
466,LKR0467
467,LKR0468
468,LKR0469
469,LKR0470
470,LKR0471
471,LKR0472
472,LKR0473
473,LKR0474
474,LKR0475
475,LKR0476
476,LKR0477
477,LKR0478
478,LKR0479
479,LKR0480
480,LKR0481
481,LKR0482
482,LKR0483
483,LKR0484
484,LKR0485
485,LKR0486
486,LKR0487
487,LKR0488
488,LKR0489
489,LKR0490
490,LKR0491
491,LKR0492
492,LKR0493
493,LKR0494
494,LKR0495
495,LKR0496
496,LKR0497
497,LKR0498
498,LKR0499
499,LKR0500
500,LKR0501
501,LKR0502
502,LKR0503
503,LKR0504
504,LKR0505
505,LKR0506
506,LKR0507
507,LKR0508
508,LKR0509
509,LKR0510
510,LKR0511
511,LKR0512
512,LKR0513
513,LKR0514
514,LKR0515
515,LKR0516
516,LKR0517
517,LKR0518
518,LKR0519
519,LKR0520
520,LKR0521
521,LKR0522
522,LKR0523
523,LKR0524
524,LKR0525
525,LKR0526
526,LKR0527
527,LKR0528
528,LKR0529
529,LKR0530
530,LKR0531
531,LKR0532
532,LKR0533
533,LKR0534
534,LKR0535
535,LKR0536
536,LKR0537
537,LKR0538
538,LKR0539
539,LKR0540
540,LKR0541
541,LKR0542
542,LKR0543
543,LKR0544
544,LKR0545
545,LKR0546
546,LKR0547
547,LKR0548
548,LKR0549
549,LKR0550
550,LKR0551
551,LKR0552
552,LKR0553
553,LKR0554
554,LKR0555
555,LKR0556
556,LKR0557
557,LKR0558
558,LKR0559
559,LKR0560
560,LKR0561
561,LKR0562
562,LKR0563
563,LKR0564
564,LKR0565
565,LKR0566
566,LKR0567
567,LKR0568
568,LKR0569
569,LKR0570
570,LKR0571
571,LKR0572
572,LKR0573
573,LKR0574
574,LKR0575
575,LKR0576
576,LKR0577
577,LKR0578
578,LKR0579
579,LKR0580
580,LKR0581
581,LKR0582
582,LKR0583
583,LKR0584
584,LKR0585
585,LKR0586
586,LKR0587
587,LKR0588
588,LKR0589
589,LKR0590
590,LKR0591
591,LKR0592
592,LKR0593
593,LKR0594
594,LKR0595
595,LKR0596
596,LKR0597
597,LKR0598
598,LKR0599
599,LKR0600
600,LKR0601
601,LKR0602
602,LKR0603
603,LKR0604
604,LKR0605
605,LKR0606
606,LKR0607
607,LKR0608
608,LKR0609
609,LKR0610
610,LKR0611
611,LKR0612
612,LKR0613
613,LKR0614
614,LKR0615
615,LKR0616
616,LKR0617
617,LKR0618
618,LKR0619
619,LKR0620
620,LKR0621
621,LKR0622
622,LKR0623
623,LKR0624
624,LKR0625
625,LKR0626
626,LKR0627
627,LKR0628
628,LKR0629
629,LKR0630
630,LKR0631
631,LKR0632
632,LKR0633
633,LKR0634
634,LKR0635
635,LKR0636
636,LKR0637
637,LKR0638
638,LKR0639
639,LKR0640
640,LKR0641
641,LKR0642
642,LKR0643
643,LKR0644
644,LKR0645
645,LKR0646
646,LKR0647
647,LKR0648
648,LKR0649
649,LKR0650
650,LKR0651
651,LKR0652
652,LKR0653
653,LKR0654
654,LKR0655
655,LKR0656
656,LKR0657
657,LKR0658
658,LKR0659
659,LKR0660
660,LKR0661
661,LKR0662
662,LKR0663
663,LKR0664
664,LKR0665
665,LKR0666
666,LKR0667
667,LKR0668
668,LKR0669
669,LKR0670
670,LKR0671
671,LKR0672
672,LKR0673
673,LKR0674
674,LKR0675
675,LKR0676
676,LKR0677
677,LKR0678
678,LKR0679
679,LKR0680
680,LKR0681
681,LKR0682
682,LKR0683
683,LKR0684
684,LKR0685
685,LKR0686
686,LKR0687
687,LKR0688
688,LKR0689
689,LKR0690
690,LKR0691
691,LKR0692
692,LKR0693
693,LKR0694
694,LKR0695
695,LKR0696
696,LKR0697
697,LKR0698
698,LKR0699
699,LKR0700
700,LKR0701
701,LKR0702
702,LKR0703
703,LKR0704
704,LKR0705
705,LKR0706
706,LKR0707
707,LKR0708
708,LKR0709
709,LKR0710
710,LKR0711
711,LKR0712
712,LKR0713
713,LKR0714
714,LKR0715
715,LKR0716
716,LKR0717
717,LKR0718
718,LKR0719
719,LKR0720
720,LKR0721
721,LKR0722
722,LKR0723
723,LKR0724
724,LKR0725
725,LKR0726
726,LKR0727
727,LKR0728
728,LKR0729
729,LKR0730
730,LKR0731
731,LKR0732
732,LKR0733
733,LKR0734
734,LKR0735
735,LKR0736
736,LKR0737
737,LKR0738
738,LKR0739
739,LKR0740
740,LKR0741
741,LKR0742
742,LKR0743
743,LKR0744
744,LKR0745
745,LKR0746
746,LKR0747
747,LKR0748
748,LKR0749
749,LKR0750
750,LKR0751
751,LKR0752
752,LKR0753
753,LKR0754
754,LKR0755
755,LKR0756
756,LKR0757
757,LKR0758
758,LKR0759
759,LKR0760
760,LKR0761
761,LKR0762
762,LKR0763
763,LKR0764
764,LKR0765
765,LKR0766
766,LKR0767
767,LKR0768
768,LKR0769
769,LKR0770
770,LKR0771
771,LKR0772
772,LKR0773
773,LKR0774
774,LKR0775
775,LKR0776
776,LKR0777
777,LKR0778
778,LKR0779
779,LKR0780
780,LKR0781
781,LKR0782
782,LKR0783
783,LKR0784
784,LKR0785
785,LKR0786
786,LKR0787
787,LKR0788
788,LKR0789
789,LKR0790
790,LKR0791
791,LKR0792
792,LKR0793
793,LKR0794
794,LKR0795
795,LKR0796
796,LKR0797
797,LKR0798
798,LKR0799
799,LKR0800
800,LKR0801
801,LKR0802
802,LKR0803
803,LKR0804
804,LKR0805
805,LKR0806
806,LKR0807
807,LKR0808
808,LKR0809
809,LKR0810
810,LKR0811
811,LKR0812
812,LKR0813
813,LKR0814
814,LKR0815
815,LKR0816
816,LKR0817
817,LKR0818
818,LKR0819
819,LKR0820
820,LKR0821
821,LKR0822
822,LKR0823
823,LKR0824
824,LKR0825
825,LKR0826
826,LKR0827
827,LKR0828
828,LKR0829
829,LKR0830
830,LKR0831
831,LKR0832
832,LKR0833
833,LKR0834
834,LKR0835
835,LKR0836
836,LKR0837
837,LKR0838
838,LKR0839
839,LKR0840
840,LKR0841
841,LKR0842
842,LKR0843
843,LKR0844
844,LKR0845
845,LKR0846
846,LKR0847
847,LKR0848
848,LKR0849
849,LKR0850
850,LKR0851
851,LKR0852
852,LKR0853
853,LKR0854
854,LKR0855
855,LKR0856
856,LKR0857
857,LKR0858
858,LKR0859
859,LKR0860
860,LKR0861
861,LKR0862
862,LKR0863
863,LKR0864
864,LKR0865
865,LKR0866
866,LKR0867
867,LKR0868
868,LKR0869
869,LKR0870
870,LKR0871
871,LKR0872
872,LKR0873
873,LKR0874
874,LKR0875
875,LKR0876
876,LKR0877
877,LKR0878
878,LKR0879
879,LKR0880
880,LKR0881
881,LKR0882
882,LKR0883
883,LKR0884
884,LKR0885
885,LKR0886
886,LKR0887
887,LKR0888
888,LKR0889
889,LKR0890
890,LKR0891
891,LKR0892
892,LKR0893
893,LKR0894
894,LKR0895
895,LKR0896
896,LKR0897
897,LKR0898
898,LKR0899
899,LKR0900
900,LKR0901
901,LKR0902
902,LKR0903
903,LKR0904
904,LKR0905
905,LKR0906
906,LKR0907
907,LKR0908
908,LKR0909
909,LKR0910
910,LKR0911
911,LKR0912
912,LKR0913
913,LKR0914
914,LKR0915
915,LKR0916
916,LKR0917
917,LKR0918
918,LKR0919
919,LKR0920
920,LKR0921
921,LKR0922
922,LKR0923
923,LKR0924
924,LKR0925
925,LKR0926
926,LKR0927
927,LKR0928
928,LKR0929
929,LKR0930
930,LKR0931
931,LKR0932
932,LKR0933
933,LKR0934
934,LKR0935
935,LKR0936
936,LKR0937
937,LKR0938
938,LKR0939
939,LKR0940
940,LKR0941
941,LKR0942
942,LKR0943
943,LKR0944
944,LKR0945
945,LKR0946
946,LKR0947
947,LKR0948
948,LKR0949
949,LKR0950
950,LKR0951
951,LKR0952
952,LKR0953
953,LKR0954
954,LKR0955
955,LKR0956
956,LKR0957
957,LKR0958
958,LKR0959
959,LKR0960
960,LKR0961
961,LKR0962
962,LKR0963
963,LKR0964
964,LKR0965
965,LKR0966
966,LKR0967
967,LKR0968
968,LKR0969
969,LKR0970
970,LKR0971
971,LKR0972
972,LKR0973
973,LKR0974
974,LKR0975
975,LKR0976
976,LKR0977
977,LKR0978
978,LKR0979
979,LKR0980
980,LKR0981
981,LKR0982
982,LKR0983
983,LKR0984
984,LKR0985
985,LKR0986
986,LKR0987
987,LKR0988
988,LKR0989
989,LKR0990
990,LKR0991
991,LKR0992
992,LKR0993
993,LKR0994
994,LKR0995
995,LKR0996
996,LKR0997
997,LKR0998
998,LKR0999
999,LKR1000
1000,LKR1001
1001,LKR1002
1002,LKR1003
1003,LKR1004
1004,LKR1005
1005,LKR1006
1006,LKR1007
1007,LKR1008
1008,LKR1009
1009,LKR1010
1010,LKR1011
1011,LKR1012
1012,LKR1013
1013,LKR1014
1014,LKR1015
1015,LKR1016
1016,LKR1017
1017,LKR1018
1018,LKR1019
1019,LKR1020
1020,LKR1021
1021,LKR1022
1022,LKR1023
1023,LKR1024
1024,LKR1025
